Date,Close/Last,Volume,Open,High,Low
07/30/2021,$104.5,75136,$103.24,$104.69,$102.41
07/29/2021,$103.68,92759,$102.01,$104.2399,$100.655
07/28/2021,$101.56,43367,$101.21,$102.43,$99.85
07/27/2021,$100.55,59346,$102.23,$102.25,$99.39
07/26/2021,$102.7,47389,$102.1,$103.17,$102.1
07/23/2021,$101.65,66841,$101.74,$101.97,$100.55
07/22/2021,$101.13,69874,$102.3,$102.67,$100.83
07/21/2021,$102.4,61789,$101.97,$102.735,$101.33
07/20/2021,$101.39,116175,$100.38,$103.54,$99.72
07/19/2021,$99.84,115472,$98.47,$100.01,$97.53
07/16/2021,$100.07,69773,$102.08,$102.85,$99.37
07/15/2021,$101.17,69959,$100.83,$101.39,$100.03
07/14/2021,$101.2,60022,$103.15,$104.0699,$100.61
07/13/2021,$102.3,51755,$102.53,$103.72,$101.285
07/12/2021,$102.73,70686,$101.34,$102.84,$100.76
07/09/2021,$102.11,64860,$101.73,$103.14,$100.5415
07/08/2021,$100.56,103171,$101.41,$101.9996,$99.41
07/07/2021,$103.65,66479,$103,$103.9,$101.39
07/06/2021,$102.67,132526,$102.65,$103.0422,$101.57
07/02/2021,$103.34,85913,$103.34,$104.23,$102.29
07/01/2021,$102.47,114456,$104.1,$106.4,$102.25
06/30/2021,$103.09,108036,$102.41,$103.86,$100.855
06/29/2021,$102.94,132322,$101.67,$103.34,$101.42
06/28/2021,$100.98,136927,$101.35,$101.35,$100.1905
06/25/2021,$100.79,192073,$101.7,$101.7,$99.24
06/24/2021,$101.79,103377,$100.75,$102.39,$100.22
06/23/2021,$99.82,167670,$97.35,$100.07,$94.16
06/22/2021,$97.68,180699,$95.88,$97.97,$93.3
06/21/2021,$96.02,185850,$96,$96.88,$94.575
06/18/2021,$95.1,263336,$96.7,$97.155,$94.01
06/17/2021,$97.49,169108,$95.695,$98.37,$95.65
06/16/2021,$97.99,153122,$100.33,$100.47,$97.51
06/15/2021,$100.86,143016,$101.12,$101.86,$99.28
06/14/2021,$101.22,190452,$102.71,$102.71,$99.63
06/11/2021,$102.52,116278,$103.05,$104.2615,$102.345
06/10/2021,$102.41,122986,$102.65,$103.84,$101.04
06/09/2021,$102.51,254551,$107.78,$108.335,$101.79
06/08/2021,$108.81,220807,$111.72,$113.15,$108.1734
06/07/2021,$111.04,98747,$109.95,$111.92,$109.62
06/04/2021,$109.92,88448,$107.19,$110,$107
06/03/2021,$106.67,82979,$108.33,$108.48,$104.84
06/02/2021,$109.01,97744,$110,$110,$108.5
06/01/2021,$109.79,106075,$108.86,$110,$107.58
05/28/2021,$108.41,113089,$109.54,$111.6077,$106.51
05/27/2021,$108.85,176617,$109.47,$111.49,$108.61
05/26/2021,$108.16,249939,$102.76,$110.2009,$102.76
05/25/2021,$101.51,61344,$102.9,$103.98,$101.51
05/24/2021,$102.51,76656,$102.34,$102.73,$101.0901
05/21/2021,$101.2,84312,$103.73,$105.27,$101.2
05/20/2021,$102.42,74156,$100.18,$102.42,$99.73
05/19/2021,$99.69,97330,$98.31,$99.9,$95.15
05/18/2021,$100.31,112831,$103.15,$103.15,$100.1
05/17/2021,$102.69,107046,$106.88,$107.98,$102.54
05/14/2021,$107.98,85914,$107.84,$109.4,$107.04
05/13/2021,$106.65,169551,$104.06,$109.79,$104.06
05/12/2021,$103.07,307730,$103.83,$105.3,$101.75
05/11/2021,$104.29,206354,$99.54,$104.8,$99.54
05/10/2021,$101.67,178629,$101.36,$103.09,$98.89
05/07/2021,$101.53,85795,$101.6,$103.5073,$101.0198
05/06/2021,$100.56,110816,$101.92,$101.92,$98
05/05/2021,$101.28,140229,$103.76,$103.76,$97.31
05/04/2021,$102.765,151665,$102.95,$103.72,$100.245
05/03/2021,$103.97,148996,$103.03,$104.69,$101.07
04/30/2021,$101.73,140286,$104.93,$106.18,$101.6
04/29/2021,$106.53,76908,$105.68,$106.63,$104.18
04/28/2021,$104.32,85154,$105.2,$105.575,$103.55
04/27/2021,$105.49,94854,$105.35,$106.61,$104.7
04/26/2021,$105.35,117764,$106.77,$107.34,$105.03
04/23/2021,$106.17,98653,$106.08,$107.8439,$105.84
04/22/2021,$105.43,91593,$106,$107.95,$105.4
04/21/2021,$105.45,110649,$106.01,$107.09,$105.08
04/20/2021,$105.87,111981,$107.76,$108.78,$104.51
04/19/2021,$108.05,99716,$109.72,$109.72,$106.71
04/16/2021,$109.675,80775,$109.07,$109.92,$107.12
04/15/2021,$108.69,73470,$108.91,$109.53,$106.96
04/14/2021,$107.62,102273,$106.76,$108.7,$105.925
04/13/2021,$106.51,125384,$108.5,$108.9999,$105.46
04/12/2021,$107.87,120104,$105.88,$109.95,$105.12
04/09/2021,$105.33,109233,$104.73,$105.88,$103.62
04/08/2021,$104.24,145803,$103.66,$104.64,$102.02
04/07/2021,$102.41,99930,$102.33,$103.28,$100.89
04/06/2021,$102.58,170629,$105.11,$106.63,$101.66
04/05/2021,$105.67,297796,$99.81,$106.05,$99.3845
04/01/2021,$99.62,158023,$100.43,$101.88,$99.01
03/31/2021,$100.45,263098,$99.48,$103.52,$98.98
03/30/2021,$98.72,122777,$97.15,$99.59,$95.72
03/29/2021,$97.275,219475,$102.75,$103.3,$96.75
03/26/2021,$102.3,263856,$96.48,$102.85,$95.56
03/25/2021,$96.31,165219,$92.87,$96.46,$92.2101
03/24/2021,$93.31,117661,$94.65,$95.09,$92.54
03/23/2021,$93.59,116676,$94.73,$95.9399,$93.17
03/22/2021,$95.15,114328,$95.01,$95.59,$94.42
03/19/2021,$94.54,338851,$91.28,$94.86,$90.6681
03/18/2021,$91.88,101516,$93,$93.93,$91.26
03/17/2021,$93.59,76347,$91.82,$93.8,$91.005
03/16/2021,$92.62,81241,$93.94,$94.1774,$92.215
03/15/2021,$93.62,180730,$92.8,$93.71,$91.11
03/12/2021,$93.32,87675,$92.6,$94.56,$91.925
03/11/2021,$93.22,120942,$91.71,$93.51,$90.56
03/10/2021,$90.33,108658,$88.91,$90.75,$88.29
03/09/2021,$88.19,142225,$85.62,$88.77,$85.62
03/08/2021,$84,235235,$81.75,$85.33,$81.47
03/05/2021,$81.67,151140,$80.02,$82.4469,$78.28
03/04/2021,$82.19,227705,$83.95,$84.56,$79.64
03/03/2021,$84.58,213897,$87.07,$88.275,$84.135
03/02/2021,$86.55,248894,$94.14,$95.99,$84.63
03/01/2021,$88.67,205679,$85.68,$89.73,$84.94
02/26/2021,$84.14,159657,$82.75,$84.86,$81.21
02/25/2021,$82.17,144212,$81.5,$83.58,$81.49
02/24/2021,$81.83,351843,$80.68,$82.6,$80.2765
02/23/2021,$81.15,158495,$81.44,$81.82,$78.56
02/22/2021,$82.43,155733,$82.81,$83.71,$81.29
02/19/2021,$84.11,524167,$84.41,$85.94,$83.52
02/18/2021,$84.21,153183,$85.8,$85.8249,$82.54
02/17/2021,$85.62,145260,$86.93,$87.53,$84.7971
02/16/2021,$87.4,211763,$91.02,$91.02,$87.3
02/12/2021,$90.01,82505,$90.58,$90.58,$88.83
02/11/2021,$90.82,158685,$87.61,$91.08,$87.5
02/10/2021,$87.4,149822,$88.97,$89.37,$86.475
02/09/2021,$87.96,123933,$87.88,$89.36,$86.4483
02/08/2021,$88.2,122045,$86.25,$88.2,$85.5
02/05/2021,$85.05,133623,$83.7,$85.35,$82.4225
02/04/2021,$82.57,186310,$81.93,$82.94,$81.42
02/03/2021,$81.71,123081,$81.51,$82.31,$80.28
02/02/2021,$81.07,140812,$79.24,$81.22,$78.5
02/01/2021,$78.11,125394,$75.94,$78.5,$75.78
01/29/2021,$75.58,185988,$76.88,$77.55,$75.02
01/28/2021,$76.89,137332,$77.25,$78.45,$76.01
01/27/2021,$76.91,202980,$77.78,$78.245,$76.14
01/26/2021,$79.69,196603,$80.15,$81.12,$78.54
01/25/2021,$79.81,387606,$83.72,$83.9,$77.5
01/22/2021,$82.89,939651,$76.56,$84.7,$75.91
01/21/2021,$76.91,162889,$77.99,$78.83,$76.9
01/20/2021,$76.87,124963,$76.59,$77.37,$75.43
01/19/2021,$75.9,167372,$74.32,$76.58,$74.19
01/15/2021,$73.78,185893,$75.118,$75.29,$73.18
01/14/2021,$75.26,178014,$76.35,$77.745,$75.06
01/13/2021,$75.86,93943,$78.13,$78.57,$75.83
01/12/2021,$77.71,95181,$76.9,$77.915,$76.005
01/11/2021,$76.32,94049,$75.46,$76.75,$75.01
01/08/2021,$76.45,111782,$77.85,$78.01,$75.18
01/07/2021,$77.03,90727,$75.7,$77.55,$74.65
01/06/2021,$75.62,160584,$74.29,$76.6,$73.66
01/05/2021,$73.55,101766,$71.94,$73.92,$71.51
01/04/2021,$72.01,147492,$73.23,$73.68,$70.39
12/31/2020,$72.93,70839,$73.02,$74.82,$72.27
12/30/2020,$73.26,62637,$73.61,$76.13,$73.19
12/29/2020,$73.61,111553,$76.9,$76.9,$73.42
12/28/2020,$76.53,104567,$77.47,$77.6,$75.3736
12/24/2020,$76.96,36624,$76.47,$76.96,$75.9116
12/23/2020,$76.55,52734,$75.75,$76.8,$75.49
12/22/2020,$75.69,82502,$76.6,$76.638,$75.53
12/21/2020,$75.6,172826,$77.11,$77.1433,$74.88
12/18/2020,$78.23,456773,$78.95,$79.52,$76.81
12/17/2020,$78.49,181144,$77.99,$79.69,$76.51
12/16/2020,$78.94,228131,$78.91,$79.97,$77.63
12/15/2020,$78.44,319144,$72.99,$78.57,$72.96
12/14/2020,$72.32,128597,$73.44,$73.865,$72.21
12/11/2020,$73,150083,$72.76,$73.58,$72.02
12/10/2020,$72.87,107434,$72.32,$73.0809,$71.43
12/09/2020,$72.68,114768,$72.9,$73.43,$72.13
12/08/2020,$72.56,151407,$71.8,$72.94,$71.18
12/07/2020,$71.85,144569,$72.47,$72.52,$71.15
12/04/2020,$72.04,138441,$70.84,$72.4,$70.11
12/03/2020,$69.64,134097,$68.07,$70.79,$67.596
12/02/2020,$67.71,175932,$67.12,$68.4699,$66.4
12/01/2020,$67.49,288338,$68.28,$69.36,$67
11/30/2020,$67.66,212007,$68.16,$69.81,$67.26
11/27/2020,$68.6,97341,$67.86,$68.84,$67.56
11/25/2020,$67.85,155745,$66.58,$68,$66.12
11/24/2020,$66.41,157150,$65.68,$66.98,$65.06
11/23/2020,$65.07,134951,$65.93,$66.3275,$64.5
11/20/2020,$65.06,373414,$64.7,$65.37,$63.73
11/19/2020,$65.12,102963,$64.21,$65.18,$63.26
11/18/2020,$64.06,212925,$64.6,$66.34,$63.17
11/17/2020,$64.17,133100,$63.63,$64.85,$62.035
11/16/2020,$63.73,126271,$63.74,$64.99,$62.74
11/13/2020,$62.33,77931,$61.85,$62.83,$60.71
11/12/2020,$61.64,140356,$62.95,$63.5637,$61
11/11/2020,$62.65,103434,$61.63,$62.96,$60.445
11/10/2020,$61.24,147684,$61,$61.94,$58.9
11/09/2020,$60.73,182228,$62.61,$63.37,$60.415
11/06/2020,$59.63,133204,$61.23,$61.78,$59.02
11/05/2020,$61.22,233329,$63,$64.95,$60.501
11/04/2020,$61.3,162520,$58.6,$62.17,$58.1401
11/03/2020,$58.51,98040,$56.95,$58.81,$56.53
11/02/2020,$56.3,94299,$55.32,$57.44,$55.235
10/30/2020,$54.78,127930,$54.79,$56.4,$54.12
10/29/2020,$55.15,95116,$54.24,$55.49,$54.2
10/28/2020,$54.46,98232,$55.47,$55.98,$54.235
10/27/2020,$56.77,106141,$57.72,$58.1,$56.185
10/26/2020,$57.88,77376,$58.67,$60.3528,$56.8719
10/23/2020,$59.45,94177,$59.72,$60.37,$58.66
10/22/2020,$59.25,137961,$58.81,$59.8,$57.561
10/21/2020,$58.53,78585,$58.52,$58.94,$58.34
10/20/2020,$58.23,56024,$58.05,$59.0063,$57.87
10/19/2020,$57.78,98166,$59.76,$60.41,$57.6301
10/16/2020,$59.57,212518,$58.64,$61.54,$58.64
10/15/2020,$58.71,107241,$56.36,$58.71,$56.065
10/14/2020,$56.43,44465,$57.26,$57.795,$56.37
10/13/2020,$57.12,68842,$57.58,$57.765,$56.45
10/12/2020,$58.25,63253,$58.84,$58.84,$57.89
10/09/2020,$58.69,70078,$58.8,$59.41,$58.48
10/08/2020,$58.3,94411,$57.39,$58.5,$56.62
10/07/2020,$56.89,121062,$56.92,$57.5599,$56.04
10/06/2020,$56.35,110460,$57.22,$57.98,$56.06
10/05/2020,$56.99,102625,$56.72,$57.55,$55.77
10/02/2020,$56.25,118455,$54.22,$56.6,$53.47
10/01/2020,$55.37,159292,$54.42,$55.5,$53.66
09/30/2020,$54.55,142750,$55.61,$56.65,$53.94
09/29/2020,$55.33,97000,$54.06,$55.56,$53.4801
09/28/2020,$54.01,115874,$53.14,$54.36,$53.14
09/25/2020,$52.25,115807,$51.65,$52.65,$51.64
09/24/2020,$52,117548,$52.42,$52.74,$51.29
09/23/2020,$52.28,115060,$54.33,$54.57,$52.21
09/22/2020,$54.16,93490,$52.96,$54.2,$52.345
09/21/2020,$52.58,144016,$54.19,$54.29,$51.925
09/18/2020,$55.24,248263,$55.87,$56.07,$54.13
09/17/2020,$55.41,94902,$54.38,$55.49,$54.01
09/16/2020,$55.34,84416,$55.99,$56.61,$55.24
09/15/2020,$55.81,50708,$55.79,$56.67,$55.4101
09/14/2020,$55.05,79947,$54.72,$55.45,$54.52
09/11/2020,$53.92,64703,$54.8,$55.0978,$53.33
09/10/2020,$54.51,75158,$55.77,$56.245,$54.36
09/09/2020,$55.28,97983,$54.9,$55.9299,$54.0825
09/08/2020,$54.15,96961,$54.28,$55.22,$53.56
09/04/2020,$55.5,108326,$57.02,$57.45,$54.19
09/03/2020,$56.44,119481,$58.41,$58.5572,$56.1017
09/02/2020,$58.92,77939,$58.15,$59.11,$58
09/01/2020,$58.06,113815,$57.05,$58.47,$56.8006
08/31/2020,$56.69,149741,$58.04,$58.975,$56.69
08/28/2020,$58.42,43893,$58.84,$58.84,$57.82
08/27/2020,$58.29,70448,$58.38,$58.84,$57.97
08/26/2020,$58.25,83047,$58.88,$58.92,$58.12
08/25/2020,$58.64,97525,$58.67,$58.88,$57.67
08/24/2020,$58.69,83229,$58.59,$59.09,$58.21
08/21/2020,$58.07,396523,$58.34,$58.82,$57.01
08/20/2020,$58.62,106458,$58.57,$59.68,$58.35
08/19/2020,$59.06,92471,$58.75,$59.68,$58.44
08/18/2020,$58.43,143456,$60.2,$60.605,$58.26
08/17/2020,$59.52,110259,$58.67,$59.66,$58.2
08/14/2020,$58.29,132785,$58.33,$58.9499,$58.2
08/13/2020,$58.27,198798,$58.28,$60.585,$58.26
08/12/2020,$57.86,130640,$56.56,$58,$56.56
08/11/2020,$56.13,153064,$56.58,$57.76,$55.99
08/10/2020,$56.85,156042,$57.39,$58.27,$56.11
08/07/2020,$58.26,237929,$55.47,$58.47,$53.9401
08/06/2020,$58.15,199809,$56.5,$59.84,$55.14
08/05/2020,$52.46,155546,$52.48,$53.51,$50.865
08/04/2020,$50.96,164491,$48.34,$51.135,$47.99
08/03/2020,$48.6,71412,$47.83,$48.76,$47.66
07/31/2020,$47.46,108641,$47.76,$47.85,$46.6491
07/30/2020,$47.75,72703,$47.31,$48.41,$47.15
07/29/2020,$47.88,80885,$47.17,$48.23,$47.17
07/28/2020,$47.02,55048,$47.55,$48,$47
07/27/2020,$47.79,95284,$46.19,$48,$46.19
07/24/2020,$45.97,151804,$46.78,$47.77,$45.9
07/23/2020,$47.26,105153,$47.36,$47.86,$46.94
07/22/2020,$47.53,98142,$48.01,$48.38,$47.495
07/21/2020,$47.99,106882,$48.29,$48.29,$47.17
07/20/2020,$47.87,126380,$46.9,$48.21,$46.785
07/17/2020,$46.96,94438,$46.27,$47.14,$45.505
07/16/2020,$46.29,106915,$46.25,$46.47,$46.03
07/15/2020,$46.23,98679,$45.68,$46.56,$45.57
07/14/2020,$44.9,88572,$43.98,$44.97,$43.79
07/13/2020,$44.1,108195,$46,$46,$44.01
07/10/2020,$45.52,73337,$44.71,$45.64,$44.6
07/09/2020,$44.77,77005,$45.38,$45.38,$43.97
07/08/2020,$45.23,93692,$44.98,$46.01,$44.66
07/07/2020,$45,78536,$45.55,$46.21,$44.89
07/06/2020,$46.01,68850,$46.62,$47.07,$45.96
07/02/2020,$46.12,91495,$46.73,$47.19,$45.87
07/01/2020,$46.38,84416,$46.47,$46.95,$45.9095
06/30/2020,$46.56,106663,$44.75,$46.72,$44.4
06/29/2020,$44.55,142710,$44.38,$44.99,$43.84
06/26/2020,$43.73,300644,$44.87,$45.005,$43.51
06/25/2020,$45.24,89682,$44.09,$45.24,$43.7452
06/24/2020,$44.26,116905,$45.4,$45.557,$43.83
06/23/2020,$45.93,79866,$45.84,$46.615,$45.63
06/22/2020,$45.27,91006,$44.29,$45.435,$44.28
06/19/2020,$44.5,197073,$45.52,$46.42,$44.27
06/18/2020,$44.94,124546,$43.81,$45.5,$43.81
06/17/2020,$44.2,158853,$44.08,$44.33,$43.28
06/16/2020,$44.68,79253,$44.6,$45.6685,$43.7
06/15/2020,$43.33,83603,$42.23,$43.56,$41.495
06/12/2020,$42.91,82136,$43.86,$44.2644,$42.04
06/11/2020,$42.18,105699,$43.68,$44.005,$42.04
06/10/2020,$45.09,76481,$46.27,$46.3762,$44.77
06/09/2020,$46.45,90032,$46.16,$47.12,$45.54
06/08/2020,$46.66,96365,$46.61,$46.97,$46.28
06/05/2020,$46.47,108236,$45.07,$46.73,$44.73
06/04/2020,$43.81,80608,$43.32,$44.3211,$43.21
06/03/2020,$43.58,78647,$42.55,$44.14,$42.55
06/02/2020,$42.69,106487,$42.19,$43.23,$41.88
06/01/2020,$42.44,140459,$42.51,$43.2,$42.32
05/29/2020,$42.36,192033,$42.45,$42.62,$41.465
05/28/2020,$42.64,215569,$42.91,$43.59,$41.75
05/27/2020,$42.56,148611,$41,$42.64,$40.17
05/26/2020,$40.27,98985,$40.78,$41.52,$39.86
05/22/2020,$39.57,77378,$38.88,$39.58,$38.59
05/21/2020,$38.55,85690,$40,$40,$38.43
05/20/2020,$39.46,308242,$38.44,$39.565,$38.235
05/19/2020,$37.69,194724,$39.08,$39.49,$37.65
05/18/2020,$39.19,90589,$38.38,$39.46,$38.38
05/15/2020,$37.39,81072,$36.43,$37.6893,$36.43
05/14/2020,$36.73,113031,$36.06,$36.87,$35.12
05/13/2020,$36.21,128546,$36.69,$36.76,$35.2155
05/12/2020,$37.09,134183,$39.61,$39.61,$37.02
05/11/2020,$39.37,83039,$39.91,$40.06,$39.14
05/08/2020,$40.46,95473,$39.42,$40.52,$38.77
05/07/2020,$38.42,191959,$39.24,$39.85,$38.33
05/06/2020,$38.75,182960,$38.75,$39.2,$37.82
05/05/2020,$38.52,248736,$39.88,$42.2945,$36.77
05/04/2020,$37.87,218464,$40.64,$40.64,$36.65
05/01/2020,$37.07,164469,$38.09,$38.6,$36.37
04/30/2020,$38.98,134858,$40.15,$40.15,$38.96
04/29/2020,$39.93,158242,$38.11,$40.3,$37.96
04/28/2020,$36.91,73597,$38.24,$38.27,$36.83
04/27/2020,$37.55,77549,$36.53,$37.725,$36.53
04/24/2020,$36.05,103789,$35.69,$36.56,$35.22
04/23/2020,$35.89,105478,$35.08,$36.255,$35.08
04/22/2020,$35.18,125614,$34.55,$35.71,$34.55
04/21/2020,$34.25,130546,$35.35,$35.35,$34.03
04/20/2020,$36.3,116206,$35.72,$36.39,$35.34
04/17/2020,$36.23,136918,$35.52,$36.7,$35.3
04/16/2020,$34.38,122917,$34.62,$35.06,$33.42
04/15/2020,$34.33,88763,$35.35,$36.11,$34.33
04/14/2020,$36.59,102799,$37.04,$37.33,$36.07
04/13/2020,$35.91,124499,$36.93,$37.19,$35.51
04/09/2020,$37.43,99609,$36.6,$37.45,$36.2
04/08/2020,$35.66,144304,$37.47,$37.47,$35.46
04/07/2020,$36.78,172472,$37.82,$39.2067,$36.315
04/06/2020,$36.66,129218,$34.75,$37.22,$34.4
04/03/2020,$33.14,120240,$33.93,$34.79,$32.1
04/02/2020,$33.94,120610,$32.24,$34.31,$32.2
04/01/2020,$32.63,176396,$35.68,$37,$32.51
03/31/2020,$36.72,284792,$36.7,$38.23,$34.97
03/30/2020,$36.32,185238,$34.83,$36.65,$34.77
03/27/2020,$34.4,217240,$35.33,$35.64,$33.43
03/26/2020,$36.98,225688,$34.33,$37.21,$33.51
03/25/2020,$33.94,232335,$33.96,$35.03,$32.5
03/24/2020,$33.95,198319,$31.8,$34.09,$31.59
03/23/2020,$30.05,182224,$30.53,$30.99,$28.21
03/20/2020,$30.1,515440,$29.55,$32.62,$29.55
03/19/2020,$29.13,181788,$27.19,$30.3771,$26.87
03/18/2020,$27.72,183491,$27.5,$28.11,$26.28
03/17/2020,$29.21,192813,$28.7,$30.6959,$27.27
03/16/2020,$28.28,195949,$29.1,$31.62,$27.84
03/13/2020,$33.85,231018,$35.1,$35.1,$31.935
03/12/2020,$32.96,228382,$33.56,$35.0799,$32.14
03/11/2020,$36,148528,$36.3,$36.76,$35.28
03/10/2020,$37.37,205216,$37.58,$37.58,$35.1889
03/09/2020,$36.16,212889,$37.86,$37.86,$35.47
03/06/2020,$40.77,172676,$38.62,$40.95,$38.62
03/05/2020,$39.71,241804,$39.86,$41.15,$38.9229
03/04/2020,$40.88,151894,$39.41,$40.89,$39
03/03/2020,$38.61,217210,$39.07,$41.54,$38.43
03/02/2020,$39.1,233542,$37.63,$39.3,$37.46
02/28/2020,$37.43,201081,$37.07,$38.18,$36.52
02/27/2020,$38.45,153998,$39.48,$40.209,$38.45
02/26/2020,$40.48,151445,$40.19,$40.95,$40.17
02/25/2020,$40.06,188473,$42.64,$42.64,$39.92
02/24/2020,$42.59,140011,$42.92,$43.3,$42.16
02/21/2020,$44.3,113248,$44.83,$45.16,$43.85
02/20/2020,$44.99,235459,$43.76,$45.12,$43.71
02/19/2020,$43.88,95767,$43.76,$44.55,$43.68
02/18/2020,$43.75,83984,$43.83,$44.28,$43.7
02/14/2020,$43.8,104228,$43.7,$43.97,$43.35
02/13/2020,$43.71,100095,$42.97,$43.83,$42.9
02/12/2020,$43.24,198625,$43.47,$43.47,$42.54
02/11/2020,$43.15,139264,$42.64,$43.36,$42.26
02/10/2020,$42.1,110888,$41.43,$42.14,$41.27
02/07/2020,$41.39,237164,$41.39,$41.82,$39.83
02/06/2020,$41.39,73194,$41.64,$41.64,$40.73
02/05/2020,$41.51,95746,$40.82,$41.65,$40.455
02/04/2020,$40.58,96687,$41.04,$41.07,$40.28
02/03/2020,$40.73,117502,$39.97,$40.795,$39.97
01/31/2020,$39.72,235648,$40.65,$41.06,$39.71
01/30/2020,$40.76,103389,$39.92,$40.77,$39.9
01/29/2020,$40.11,153994,$41.44,$41.48,$40.03
01/28/2020,$41.34,278322,$40.44,$41.46,$40.44
01/27/2020,$40.31,222018,$39.63,$40.53,$39.32
01/24/2020,$40.42,111697,$40.67,$41.155,$40.31
01/23/2020,$40.49,288939,$40.84,$40.84,$40.15
01/22/2020,$40.64,253963,$40.8,$41.31,$40.58
01/21/2020,$40.61,171700,$42.04,$42.04,$40.41
01/17/2020,$42.14,146822,$43.18,$43.2,$41.97
01/16/2020,$42.4,175572,$42.34,$42.5,$42.01
01/15/2020,$42.08,256496,$40.74,$42.5,$40.74
01/14/2020,$40.67,148235,$42,$42,$40.56
01/13/2020,$41.44,118062,$40.32,$41.48,$40.14
01/10/2020,$40.08,204355,$40.83,$40.83,$39.85
01/09/2020,$40.77,127207,$40.01,$40.83,$39.995
01/08/2020,$39.76,223146,$39.55,$40.04,$39.49
01/07/2020,$39.3,175554,$39.3,$39.53,$38.57
01/06/2020,$39.31,161472,$39.59,$39.63,$38.9601
01/03/2020,$39.86,152876,$39.06,$39.98,$39
01/02/2020,$39.52,170799,$39.99,$40.01,$39.115
12/31/2019,$39.62,219864,$39.38,$39.96,$38.945
12/30/2019,$39.36,223397,$38.5,$39.4,$37.87
12/27/2019,$38.22,131153,$37.88,$38.475,$37.67
12/26/2019,$37.85,133426,$38.05,$38.14,$37.46
12/24/2019,$38.04,105709,$37.8,$38.06,$37.48
12/23/2019,$37.78,222598,$38.13,$38.3,$37.5
12/20/2019,$38.03,1121469,$37.67,$38.45,$37.3
12/19/2019,$37.45,380131,$36.25,$37.55,$36
12/18/2019,$36.24,329054,$36.42,$36.64,$35.34
12/17/2019,$36.27,439261,$35.98,$36.81,$35.75
12/16/2019,$35.92,414570,$36.59,$36.72,$35.88
12/13/2019,$36.31,382787,$37.84,$37.9,$36.15
12/12/2019,$37.99,246057,$38.95,$39.67,$37.83
12/11/2019,$38.92,254067,$39.07,$39.23,$37.945
12/10/2019,$39.09,251087,$38.16,$39.45,$37.475
12/09/2019,$38.19,334161,$39.18,$39.25,$38.05
12/06/2019,$39.13,2674099,$38,$40,$37.57
12/05/2019,$38.11,910282,$40.11,$40.11,$36.87
12/04/2019,$40.305,339983,$40.45,$41.48,$40.1
12/03/2019,$40.57,242328,$42.13,$42.13,$40.18
12/02/2019,$44.71,80008,$45.96,$45.96,$44.68
11/29/2019,$45.93,37026,$46.39,$46.55,$45.85
11/27/2019,$46.58,55028,$46.91,$47.02,$46.2
11/26/2019,$46.77,94076,$46.42,$47.15,$46.075
11/25/2019,$46.35,71140,$45.23,$46.75,$45.23
11/22/2019,$45.02,53889,$45.24,$45.24,$44.395
11/21/2019,$45.16,48862,$45.67,$45.67,$44.7727
11/20/2019,$45.67,117856,$45.73,$46.175,$45.1
11/19/2019,$45.87,66445,$45.35,$46.21,$45.1
11/18/2019,$45.09,97756,$44.8,$45.31,$44.8
11/15/2019,$44.95,83474,$43.85,$45.05,$43.85
11/14/2019,$43.65,132761,$43.45,$43.755,$43.15
11/13/2019,$43.47,75907,$43.57,$44.05,$43.25
11/12/2019,$43.77,118556,$43.37,$43.91,$43.33
11/11/2019,$43.2,119334,$45.44,$46.335,$43.04
11/08/2019,$45.82,66566,$46.19,$47.1427,$45.56
11/07/2019,$46.08,113712,$48.91,$49.63,$45.66
11/06/2019,$48.43,180749,$48.85,$50.215,$48.15
11/05/2019,$47.44,80154,$46.65,$47.74,$46.56
11/04/2019,$46.51,88383,$48.27,$48.27,$46.31
11/01/2019,$47.97,74999,$47.61,$48.57,$47.61
10/31/2019,$47.37,84546,$47.75,$47.84,$46.8
10/30/2019,$47.76,50159,$48.45,$48.45,$46.79
10/29/2019,$48.3,78114,$48.09,$48.77,$48.05
10/28/2019,$47.82,59873,$47.75,$48.06,$47.295
10/25/2019,$47.55,44745,$47.89,$48.45,$47.51
10/24/2019,$48.04,60818,$46.83,$48.13,$46.8
10/23/2019,$46.55,78498,$46.87,$46.87,$45.96
10/22/2019,$46.78,60526,$47.33,$47.4444,$46.78
10/21/2019,$47.56,71006,$47.11,$47.72,$46.6
10/18/2019,$46.75,87430,$46.7,$46.98,$46.345
10/17/2019,$46.92,104775,$46,$47.05,$45.98
10/16/2019,$45.98,92535,$45.91,$46.07,$44.94
10/15/2019,$46.02,103453,$45.4,$46.08,$45.285
10/14/2019,$45.24,141637,$45.6,$45.625,$44.81
10/11/2019,$45.5,153577,$46.01,$46.66,$45.44
10/10/2019,$45.6,102413,$46.39,$46.6,$44.95
10/09/2019,$46.39,41040,$46.48,$47,$46.25
10/08/2019,$46.2,65953,$47.59,$47.815,$46.1
10/07/2019,$47.81,226322,$48.29,$48.36,$47.61
10/04/2019,$48.48,53892,$47.86,$48.86,$47.84
10/03/2019,$47.75,53342,$47.12,$48.13,$46.6
10/02/2019,$47.19,76494,$46.86,$47.325,$46.1
10/01/2019,$47.11,53041,$48.16,$48.44,$47.03
09/30/2019,$47.88,100320,$47.88,$48.49,$47.73
09/27/2019,$47.77,63042,$47.96,$48.21,$47.32
09/26/2019,$48.22,71977,$48.53,$48.705,$47.7
09/25/2019,$48.66,76876,$48.72,$48.85,$47.9
09/24/2019,$48.83,67256,$49.55,$50,$48.72
09/23/2019,$49.42,64197,$49.51,$49.9,$49.01
09/20/2019,$49.59,164903,$50,$50.45,$49.08
09/19/2019,$49.86,111618,$49.63,$50.07,$49.26
09/18/2019,$49.54,85451,$49.26,$49.79,$48.64
09/17/2019,$49.09,73852,$47.74,$49.16,$47.7
09/16/2019,$47.72,94833,$47.13,$48.45,$47.02
09/13/2019,$47.29,49182,$47.43,$48.16,$47.13
09/12/2019,$47.18,79804,$45.66,$47.45,$45.66
09/11/2019,$45.85,107068,$45.85,$46.09,$45.39
09/10/2019,$45.62,160069,$47.15,$47.87,$45.61
09/09/2019,$47.47,66562,$47.49,$48.09,$46.77
09/06/2019,$47.44,59181,$47.91,$48.14,$47.325
09/05/2019,$47.96,71450,$47.49,$48.46,$47.49
09/04/2019,$47.13,40149,$46.76,$47.32,$46.56
09/03/2019,$46.48,59919,$46.59,$47.15,$46.37
08/30/2019,$46.91,57895,$46.55,$47,$45.95
08/29/2019,$46.37,67929,$46.98,$46.98,$46.29
08/28/2019,$46.45,80244,$46.16,$47.15,$45.84
08/27/2019,$46.32,100507,$46.14,$46.48,$45.68
08/26/2019,$45.79,58818,$46.08,$46.08,$45.44
08/23/2019,$45.55,96811,$46.67,$47.22,$45.34
08/22/2019,$47.27,91566,$48.18,$48.41,$46.95
08/21/2019,$48.02,79276,$48.53,$49.14,$47.53
08/20/2019,$48.5,150733,$47.42,$48.97,$47.42
08/19/2019,$47.63,139391,$47.63,$48.48,$47.56
08/16/2019,$47.16,61235,$46.62,$47.49,$46.62
08/15/2019,$46.48,57359,$46.32,$46.67,$46
08/14/2019,$46.51,71961,$45.4,$46.77,$45.4
08/13/2019,$45.86,82402,$46.46,$47.38,$45.81
08/12/2019,$46.76,75011,$45.56,$46.79,$45.08
08/09/2019,$45.73,88629,$46.39,$46.6417,$44.88
08/08/2019,$46.71,251707,$48.7,$49.84,$45.23
08/07/2019,$44.92,52209,$43.87,$45.27,$43.7376
08/06/2019,$44.46,56308,$44.09,$45.195,$43.8818
08/05/2019,$43.75,156043,$45.19,$45.55,$43.045
08/02/2019,$46.15,110072,$46.79,$47.194,$45.69
08/01/2019,$46.94,97641,$47.02,$47.83,$46.79
07/31/2019,$46.92,84374,$47.73,$48.15,$46.51
07/30/2019,$47.63,55747,$47.46,$48.07,$47.31
07/29/2019,$47.78,43304,$47.96,$48.8,$47.47
07/26/2019,$47.96,48268,$47.27,$48.19,$47.26
07/25/2019,$47.16,53174,$47.55,$47.68,$46.79
07/24/2019,$47.69,52280,$46.57,$47.77,$46.34
07/23/2019,$46.7,112736,$47.21,$47.22,$46.25
07/22/2019,$47.34,79195,$47.44,$47.69,$47.05
07/19/2019,$47.24,172867,$46.61,$47.66,$46.485
07/18/2019,$46.64,91826,$45.81,$46.85,$45.81
07/17/2019,$45.88,90673,$45.61,$46.1395,$45.515
07/16/2019,$45.7,64708,$45.75,$46.095,$45.46
07/15/2019,$45.72,51495,$46.27,$46.65,$45.33
07/12/2019,$46.24,67213,$45.26,$46.24,$44.91
07/11/2019,$45.26,85743,$46.02,$46.15,$44.73
07/10/2019,$45.95,76165,$45.14,$46.07,$44.97
07/09/2019,$44.92,75396,$44.46,$45.1,$44.34
07/08/2019,$44.74,67734,$45.05,$45.39,$44.705
07/05/2019,$45.3,66231,$44.51,$45.38,$44.017
07/03/2019,$45.04,69380,$45.47,$45.56,$44.82
07/02/2019,$45.65,64533,$45.9,$46.535,$45.11
07/01/2019,$46.11,99600,$47.21,$47.46,$45.38
06/28/2019,$46.59,165370,$45.79,$46.72,$45.625
06/27/2019,$45.79,53596,$45.01,$46.07,$44.85
06/26/2019,$44.94,63456,$45.04,$45.38,$44.47
06/25/2019,$44.82,68169,$44.72,$44.97,$44.18
06/24/2019,$44.73,56425,$45.43,$45.635,$44.54
06/21/2019,$45.51,161077,$45.07,$45.68,$44.2
06/20/2019,$45.33,39929,$45.85,$46.3,$45.31
06/19/2019,$45.42,69696,$44.89,$45.55,$44.5
06/18/2019,$45.28,120028,$45.45,$46.28,$44.4
06/17/2019,$45.49,121180,$45.53,$45.69,$44.79
06/14/2019,$44.2,101560,$43.57,$44.41,$43.51
06/13/2019,$43.62,121486,$42.64,$43.74,$42.4744
06/12/2019,$42.3,250418,$39.79,$42.3,$39.56
06/11/2019,$39.79,144851,$40.57,$40.58,$39.07
06/10/2019,$40.23,78999,$40.14,$41.29,$40
06/07/2019,$39.93,153174,$39.22,$40.305,$39.22
06/06/2019,$39.32,144888,$39.28,$39.7299,$38.52
06/05/2019,$39.19,154466,$39.36,$39.73,$38.73
06/04/2019,$39.12,58538,$38.97,$39.14,$38.12
06/03/2019,$38.44,97619,$39.55,$39.71,$38.12
05/31/2019,$39.68,105950,$38.47,$39.83,$37.89
05/30/2019,$39,282209,$36.91,$41.94,$36.83
05/29/2019,$36.74,74109,$36.47,$36.95,$36.08
05/28/2019,$36.62,81844,$36.72,$37.02,$36.32
05/24/2019,$36.65,52366,$36.79,$37.1256,$36.5696
05/23/2019,$36.46,79596,$38.26,$38.38,$36.205
05/22/2019,$38.64,139272,$38.51,$39.18,$38.38
05/21/2019,$38.66,149693,$38.55,$39.25,$38.5
05/20/2019,$38.25,50135,$38.01,$38.39,$37.33
05/17/2019,$38.31,258307,$37.84,$39.39,$37.84
05/16/2019,$38.26,81601,$37.53,$38.3,$37.3858
05/15/2019,$37.45,46431,$36.76,$37.46,$36.66
05/14/2019,$37.1,141472,$35.9,$37.35,$35.76
05/13/2019,$35.61,63107,$36.45,$36.79,$35.55
05/10/2019,$37.24,76570,$37.96,$38.345,$36.6
05/09/2019,$38.11,116410,$38,$39.83,$37.7537
05/08/2019,$38.25,149772,$36.9,$39.1963,$36.05
05/07/2019,$35.96,44374,$35.85,$36.01,$35.36
05/06/2019,$36.21,31781,$35.8,$36.64,$35.33
05/03/2019,$36.43,38795,$36.34,$36.59,$36.045
05/02/2019,$36.19,36726,$36.05,$36.66,$35.98
05/01/2019,$36.01,100916,$36.4,$36.65,$35.83
04/30/2019,$36.46,54774,$35.79,$36.46,$35.75
04/29/2019,$35.81,24237,$35.48,$35.95,$35.15
04/26/2019,$35.27,36977,$34.99,$35.6753,$34.55
04/25/2019,$34.93,38350,$35.84,$35.88,$34.71
04/24/2019,$35.84,69174,$36.3,$36.3702,$35.67
04/23/2019,$36.15,27150,$35.5,$36.365,$35.5
04/22/2019,$35.32,22515,$35.27,$35.51,$35.01
04/18/2019,$35.39,36312,$35.45,$35.7899,$35.215
04/17/2019,$35.44,40099,$35.13,$35.52,$34.655
04/16/2019,$34.92,46417,$35.34,$35.56,$34.9
04/15/2019,$35.22,25188,$35.43,$35.43,$34.9
04/12/2019,$35.4,25930,$36.04,$36.25,$35.32
04/11/2019,$35.87,42423,$36.24,$36.32,$35.66
04/10/2019,$36.26,84701,$35.22,$36.43,$35.21
04/09/2019,$35.16,94652,$35.62,$35.77,$35.09
04/08/2019,$35.83,35371,$36.02,$36.08,$35.39
04/05/2019,$36.14,50428,$36.4,$36.54,$35.96
04/04/2019,$36.32,43188,$36.78,$36.885,$36.0701
04/03/2019,$36.78,99799,$35.8,$36.89,$35.45
04/02/2019,$35.81,51236,$35.68,$35.89,$35.2
04/01/2019,$35.78,48732,$36.5,$36.75,$35.555
03/29/2019,$36.23,201529,$36.08,$36.57,$35.72
03/28/2019,$35.8,37407,$35.48,$35.82,$35.05
03/27/2019,$35.41,41660,$35.99,$36.0096,$35.26
03/26/2019,$36.04,43533,$35.48,$36.1,$35.45
03/25/2019,$35.27,61089,$34.51,$35.55,$34.28
03/22/2019,$34.53,53308,$35.97,$36.3,$34.53
03/21/2019,$36.26,127643,$35.25,$36.75,$35.08
03/20/2019,$35.27,71501,$35.14,$35.83,$34.7
03/19/2019,$35.14,26452,$35.54,$35.54,$34.8125
03/18/2019,$35.53,58947,$35.14,$35.82,$34.835
03/15/2019,$35.11,104368,$34.3,$35.18,$34.2
03/14/2019,$34.38,34225,$34.77,$34.77,$34.15
03/13/2019,$34.78,26682,$34.71,$34.94,$34.5
03/12/2019,$34.69,30369,$34.81,$34.94,$34.27
03/11/2019,$34.78,65273,$34.24,$35.15,$32.9
03/08/2019,$34.11,75995,$30.54,$34.445,$30.53
03/07/2019,$33.83,115181,$32.14,$34.66,$31.51
03/06/2019,$31.84,109075,$34.01,$34.1986,$31.84
03/05/2019,$34,42683,$34.31,$34.31,$33.485
03/04/2019,$34.33,39556,$34.79,$34.79,$33.97
03/01/2019,$34.75,60968,$34.54,$34.99,$34.21
02/28/2019,$34.26,62814,$34.79,$34.825,$34.15
02/27/2019,$34.79,46289,$34.98,$35.28,$34.61
02/26/2019,$35.12,28598,$35.41,$35.53,$34.81
02/25/2019,$35.4,35201,$35.89,$36.07,$35.23
02/22/2019,$35.71,73935,$35.42,$35.71,$34.98
02/21/2019,$35.12,40063,$35.96,$35.96,$34.64
02/20/2019,$35.97,102169,$35.32,$36.35,$35.31
02/19/2019,$35.33,42111,$34.98,$35.84,$32.52
02/15/2019,$35,94366,$34.68,$35.26,$34.48
02/14/2019,$34.49,64733,$33.68,$34.89,$33.6
02/13/2019,$33.81,42471,$33.57,$33.94,$33.36
02/12/2019,$33.45,44283,$33.77,$33.98,$33.31
02/11/2019,$33.61,28498,$33.25,$33.65,$33.22
02/08/2019,$32.97,34936,$33.41,$33.98,$32.89
02/07/2019,$33.59,23533,$33.6,$33.76,$33.16
02/06/2019,$33.93,23935,$33.67,$33.98,$33.3
02/05/2019,$33.66,49776,$33.9,$34,$33.39
02/04/2019,$33.78,51055,$33.65,$34.2721,$33.215
02/01/2019,$33.62,67746,$33.5,$34.37,$33.45
01/31/2019,$33.43,35733,$33.01,$33.6553,$32.73
01/30/2019,$33.01,27280,$32.77,$33.02,$32.515
01/29/2019,$32.54,25346,$32.72,$32.94,$32.275
01/28/2019,$32.71,46116,$32.39,$33.37,$32.39
01/25/2019,$32.64,25025,$32.73,$33.21,$32.64
01/24/2019,$32.45,66052,$32.73,$33.085,$31.605
01/23/2019,$32.74,28128,$32.78,$33.29,$32.25
01/22/2019,$32.79,54818,$32.96,$33.23,$32.08
01/18/2019,$33.23,47972,$33.29,$33.51,$32.92
01/17/2019,$33.11,39774,$32.87,$33.68,$32.6103
01/16/2019,$32.99,39189,$32.73,$33.72,$32.64
01/15/2019,$32.65,29335,$32.49,$33.09,$32.22
01/14/2019,$32.48,68699,$32.5,$33.98,$32.18
01/11/2019,$32.84,35172,$32.04,$33.11,$32.04
01/10/2019,$32.14,41716,$31.4,$32.82,$31.335
01/09/2019,$31.39,52095,$31.87,$32.69,$31
01/08/2019,$31.8,59055,$31.55,$32.195,$29.9872
01/07/2019,$31.37,75464,$31.57,$33.24,$30.67
01/04/2019,$31.58,125654,$28.34,$31.74,$28.34
01/03/2019,$28.19,41265,$28.7,$29.04,$28.06
01/02/2019,$28.92,74226,$28.14,$29.27,$26.77
12/31/2018,$28.57,87019,$27.62,$28.67,$27
12/28/2018,$27.55,50268,$26.97,$28.12,$26.6601
12/27/2018,$26.75,75766,$26.25,$26.97,$25.79
12/26/2018,$26.69,84688,$24.89,$26.95,$24.54
12/24/2018,$24.66,53969,$25.02,$26.21,$24.53
12/21/2018,$25.12,496533,$26.22,$26.74,$24.85
12/20/2018,$26.17,71212,$26.31,$26.52,$25.37
12/19/2018,$26.3,63295,$26.38,$27.15,$25.92
12/18/2018,$26.39,64532,$26.56,$26.73,$26
12/17/2018,$26.14,53267,$26.98,$27.24,$25.88
12/14/2018,$26.97,56409,$27.28,$27.9,$25.98
12/13/2018,$27.53,80119,$28.12,$28.4913,$27.01
12/12/2018,$28.11,78661,$28.02,$28.93,$26.835
12/11/2018,$27.59,27505,$27.92,$27.95,$26.84
12/10/2018,$27.42,75602,$27.48,$27.505,$26.6
12/07/2018,$27.47,51676,$27.78,$28.78,$27.34
12/06/2018,$27.79,97975,$27.02,$28,$26.42
12/04/2018,$27.21,47273,$28.94,$28.94,$27.06
12/03/2018,$29.06,50350,$29.46,$30,$28.84
11/30/2018,$29.25,156060,$27.34,$29.51,$27.34
11/29/2018,$27.41,217111,$27.3,$28.39,$27.015
11/28/2018,$27.47,134774,$27.3,$28.02,$25.9
11/27/2018,$27.24,37776,$27.29,$27.66,$27.09
11/26/2018,$27.72,44409,$27.53,$28.3227,$27.29
11/23/2018,$27.32,23866,$27.27,$28.17,$27.02
11/21/2018,$27.55,33716,$27.5,$28.05,$27.15
11/20/2018,$27.5,80855,$29.36,$29.84,$27.43
11/19/2018,$29.58,62947,$29.64,$29.8,$28.73
11/16/2018,$29.66,69281,$29.44,$29.79,$28.98
11/15/2018,$29.57,45613,$28.65,$29.78,$28.33
11/14/2018,$28.84,91508,$28.03,$29.18,$28.03
11/13/2018,$27.96,61321,$29.54,$29.54,$27.89
11/12/2018,$29.49,90666,$28.57,$29.71,$28.01
11/09/2018,$28.57,80307,$27,$28.65,$27
11/08/2018,$27.26,77545,$26.87,$28.04,$24.86
11/07/2018,$25.43,103926,$23.91,$25.94,$23.91
11/06/2018,$23.79,105564,$25.26,$25.26,$23.01
11/05/2018,$25.27,47190,$25.43,$25.68,$25.01
11/02/2018,$25.42,33096,$25.3,$25.6,$25.06
11/01/2018,$25.26,50028,$25.02,$25.59,$24.7
10/31/2018,$24.92,68188,$24.72,$25.12,$24.72
10/30/2018,$24.56,35154,$24,$24.72,$24
10/29/2018,$24.13,50372,$25.28,$25.28,$23.8
10/26/2018,$24.98,54625,$24.85,$24.99,$24.29
10/25/2018,$25.12,59172,$24.97,$25.31,$24.73
10/24/2018,$24.83,64657,$25.75,$25.91,$24.79
10/23/2018,$25.77,107048,$25.3,$26.06,$25.085
10/22/2018,$25.63,49131,$25.46,$26.0759,$24.7629
10/19/2018,$25.45,47686,$25.39,$26.07,$24.89
10/18/2018,$25.37,46152,$25.75,$25.84,$24.95
10/17/2018,$25.83,58173,$25.41,$25.87,$24.68
10/16/2018,$25.42,71260,$24.89,$25.45,$24.16
10/15/2018,$24.81,82383,$24.33,$25.35,$23.72
10/12/2018,$24.33,93839,$24.74,$24.74,$23.91
10/11/2018,$24.44,109247,$24.49,$25.155,$24.19
10/10/2018,$24.53,123893,$25.05,$25.7834,$24.49
10/09/2018,$25.28,125368,$25.39,$26.165,$24.87
10/08/2018,$25.44,64111,$25.64,$25.97,$24.89
10/05/2018,$25.66,48744,$26.04,$26.04,$25.37
10/04/2018,$26.22,79136,$25.35,$26.32,$25.18
10/03/2018,$25.4,84102,$25.53,$25.735,$24.85
10/02/2018,$25.52,46914,$25.7,$25.7,$25.37
10/01/2018,$25.87,57573,$25.9,$25.93,$25.62
09/28/2018,$25.9,65427,$25.65,$25.9,$25.2
09/27/2018,$25.6,51595,$26.05,$26.3,$25.5
09/26/2018,$26.05,62235,$26,$26.2,$25.4
09/25/2018,$26,87964,$27.3,$27.3,$25.85
09/24/2018,$27.25,180680,$26.45,$27.4,$26.15
09/21/2018,$26.65,243521,$26,$26.65,$25.9
09/20/2018,$26,143625,$24.5,$26.1,$24.5
09/19/2018,$24.45,162632,$24.45,$25.2531,$24.35
09/18/2018,$24.4,111606,$24.2,$24.7,$24.15
09/17/2018,$24.15,76417,$24.35,$25,$23.7
09/14/2018,$24.3,46127,$24.3,$24.4,$23.95
09/13/2018,$24.35,50261,$23.95,$24.45,$23.95
09/12/2018,$23.95,88580,$24.3,$24.5,$23.5
09/11/2018,$24.35,89582,$25.1,$25.35,$24.35
09/10/2018,$25.25,92319,$25.95,$26,$25.1
09/07/2018,$25.85,53023,$25.7,$25.9,$25.6
09/06/2018,$25.85,65615,$25.85,$25.9,$25.55
09/05/2018,$25.85,169587,$25.85,$25.9,$25.5
09/04/2018,$25.9,93105,$26.05,$26.1,$25.75
08/31/2018,$26.2,38297,$26.25,$26.3,$26
08/30/2018,$26.3,68581,$26.3,$26.45,$25.925
08/29/2018,$26.35,69957,$26.7,$26.95,$26.1
08/28/2018,$26.65,90662,$26.15,$26.75,$25.85
08/27/2018,$26.15,67502,$25.5,$26.15,$25.5
08/24/2018,$25.3,85807,$25.4,$25.81,$25.2
08/23/2018,$25.4,52976,$25.65,$25.65,$25.05
08/22/2018,$25.55,55163,$25.55,$25.75,$25.25
08/21/2018,$25.6,83368,$25.5,$25.75,$25.475
08/20/2018,$25.55,43756,$25.95,$25.95,$25.45
08/17/2018,$25.95,95804,$25.65,$26.05,$24.75
08/16/2018,$25.8,46821,$25.85,$26.3,$25.4
08/15/2018,$25.8,76550,$25.05,$25.95,$24.35
08/14/2018,$25.2,58602,$25.35,$26.0748,$24.95
08/13/2018,$25.4,58185,$25.7,$25.95,$24.8
08/10/2018,$25.85,51395,$27.3,$27.5,$25.75
08/09/2018,$27.6,70536,$26.3,$27.65,$26.3
08/08/2018,$26.25,205809,$30.6,$31.595,$26.15
08/07/2018,$32.8,56756,$31.9,$32.8,$30.4
08/06/2018,$31.85,32041,$31.9,$32.55,$31.4
08/03/2018,$31.95,43237,$32.55,$34.45,$31.7
08/02/2018,$32.6,57631,$32.15,$33.05,$31.95
08/01/2018,$32.35,41229,$32.05,$33.85,$31.8
07/31/2018,$32.15,66760,$31.9,$32.5,$31.25
07/30/2018,$31.8,27395,$31.8,$33.25,$31.7
07/27/2018,$31.9,48859,$34,$34.05,$31.85
07/26/2018,$33.95,39729,$33.35,$34.2,$33.2
07/25/2018,$33.3,23380,$33.05,$34.25,$29.45
07/24/2018,$33.55,52967,$34.4,$34.4,$32.1
07/23/2018,$34.25,58098,$34.45,$34.85,$34.15
07/20/2018,$34.55,36958,$33.95,$34.55,$33.225
07/19/2018,$33.95,73686,$33.75,$34.45,$33.525
07/18/2018,$33.8,52834,$34.4,$34.45,$33.65
07/17/2018,$34.4,53582,$34.85,$35.05,$33.15
07/16/2018,$34.9,26343,$35.25,$35.4,$34.85
07/13/2018,$35.3,24187,$35.35,$35.55,$34.975
07/12/2018,$35.4,36936,$35.5,$35.75,$34.725
07/11/2018,$35.2,46155,$35.55,$35.9,$34.975
07/10/2018,$35.7,36832,$36.15,$36.25,$34.975
07/09/2018,$36.2,34880,$36.3,$36.45,$36
07/06/2018,$36.05,19692,$35.7,$36.2,$35.7
07/05/2018,$35.8,39071,$34.95,$35.9,$34.95
07/03/2018,$35.15,46259,$35.25,$35.55,$34.95
07/02/2018,$35.3,49793,$34.4,$35.35,$34.4
06/29/2018,$34.55,32004,$35.05,$35.15,$34.5
06/28/2018,$35,49259,$34.95,$35.2,$34.75
06/27/2018,$35,33273,$35.9,$36.125,$34.95
06/26/2018,$35.9,43334,$36,$36.25,$34.9
06/25/2018,$36,49614,$36.7,$36.8,$35.85
06/22/2018,$36.9,88439,$37.15,$37.2,$36.65
06/21/2018,$37.1,30481,$37.3,$37.35,$36.85
06/20/2018,$37.25,56016,$37.55,$37.55,$36.8
06/19/2018,$37.4,72323,$37.1,$37.45,$36.45
06/18/2018,$37.3,46009,$36.7,$37.45,$36.1
06/15/2018,$36.9,121666,$36.35,$37,$36.15
06/14/2018,$36.55,52070,$36.3,$36.625,$35.5
06/13/2018,$36.2,76974,$36.45,$36.7,$36
06/12/2018,$36.45,41055,$36.35,$36.55,$36.15
06/11/2018,$36.35,74479,$36.25,$36.8,$36.05
06/08/2018,$36.25,51400,$36.15,$36.55,$35.85
06/07/2018,$36.25,66821,$36.65,$36.75,$36.15
06/06/2018,$36.8,65668,$36.5,$37.045,$36.45
06/05/2018,$36.55,46060,$35.8,$36.65,$35.8
06/04/2018,$35.8,60007,$35.75,$36.375,$35.65
06/01/2018,$35.75,67067,$35.45,$35.9,$35.35
05/31/2018,$35.3,76400,$36.6,$36.6,$35.3
05/30/2018,$36.6,60491,$36,$36.6,$36
05/29/2018,$35.75,70420,$36.25,$36.5,$35.5
05/25/2018,$36.6,127041,$35.8,$36.8,$35.8
05/24/2018,$35.8,170075,$36.35,$36.6,$33.95
05/23/2018,$36.45,98182,$34.95,$36.5,$34.55
05/22/2018,$35,62388,$34.95,$35.1,$34.775
05/21/2018,$34.95,87377,$34.1,$35,$33.95
05/18/2018,$34,54445,$33.65,$34.1,$33.5
05/17/2018,$33.6,27025,$33.35,$33.75,$33.35
05/16/2018,$33.45,47670,$32.9,$33.55,$32.9
05/15/2018,$32.85,34570,$32.4,$33.1,$32.3
05/14/2018,$32.4,36084,$32.95,$33.25,$32.25
05/11/2018,$33,49586,$32.75,$33.2,$32.003
05/10/2018,$32.8,40495,$32.85,$33.4,$32.6
05/09/2018,$32.95,96369,$32.55,$33.4,$31.7
05/08/2018,$32.45,65976,$32.2,$32.75,$32.2
05/07/2018,$32.2,32705,$32.15,$32.45,$31.875
05/04/2018,$32.05,75298,$31.95,$32.4,$31.85
05/03/2018,$32.05,53780,$32.15,$32.4,$31.95
05/02/2018,$32.3,37707,$32.15,$32.45,$31.975
05/01/2018,$32.2,67427,$31.9,$32.25,$31.65
04/30/2018,$32,52974,$31.9,$32.3,$31.725
04/27/2018,$31.8,80755,$32.7,$33,$31.75
04/26/2018,$32.6,38362,$32.4,$32.65,$32.1
04/25/2018,$32.3,46398,$31.95,$32.55,$31.85
04/24/2018,$31.95,54121,$31.9,$32.2,$31.75
04/23/2018,$31.8,36962,$32,$32.1,$31.65
04/20/2018,$31.95,40920,$32.05,$32.3,$31.75
04/19/2018,$32.15,60146,$32.5,$32.55,$31.65
04/18/2018,$32.6,57697,$32.1,$32.8,$32
04/17/2018,$32.1,41296,$31.9,$32.45,$31.8
04/16/2018,$31.8,28060,$31.35,$31.95,$31.15
04/13/2018,$31.2,30457,$31.2,$31.3,$31
04/12/2018,$31.1,38520,$31.3,$31.6,$31.05
04/11/2018,$31.2,66773,$31.5,$31.75,$31.05
04/10/2018,$31.6,87974,$31.2,$31.7,$30.95
04/09/2018,$31.05,71086,$30.35,$31.05,$30.2
04/06/2018,$30.2,149242,$30.65,$30.9,$30.05
04/05/2018,$30.9,91818,$30.9,$31,$30.35
04/04/2018,$30.75,85348,$30.4,$30.9,$29.7
04/03/2018,$30.9,78793,$30.55,$30.95,$29.9
04/02/2018,$30.45,58209,$30.55,$31.4,$30.1
03/29/2018,$30.7,69293,$30.9,$30.9,$30.3
03/28/2018,$30.75,63545,$31.65,$31.8,$30.65
03/27/2018,$31.8,118208,$31.55,$32.1,$31.55
03/26/2018,$31.5,54872,$32.2,$32.2,$31.25
03/23/2018,$31.95,103357,$31.95,$32.4,$31.7
03/22/2018,$32,80287,$32.1,$32.45,$31.9
03/21/2018,$32.5,74741,$32.45,$32.85,$32.4
03/20/2018,$32.45,77560,$32.65,$33.3,$32.1
03/19/2018,$32.6,86654,$33,$33,$32.3
03/16/2018,$33.15,197737,$33.2,$33.45,$32.6
03/15/2018,$33.2,76933,$34.8,$34.85,$33.15
03/14/2018,$34.8,108838,$35.15,$35.4,$34.6
03/13/2018,$35,123137,$39.1,$39.425,$34.7
03/12/2018,$37.8,70554,$36.8,$37.85,$36.8
03/09/2018,$36.8,40662,$37.05,$37.05,$36.2
03/08/2018,$36.9,28251,$38.1,$38.25,$36.75
03/07/2018,$37.6,48698,$36.55,$37.85,$36.55
03/06/2018,$36.75,48604,$36.4,$36.975,$35.45
03/05/2018,$36.2,38005,$36.45,$37.2,$36.15
03/02/2018,$36.6,34855,$35.45,$36.7,$35.1
03/01/2018,$35.75,67209,$35.6,$35.9,$35.05
02/28/2018,$35.65,54994,$36.85,$37.05,$35.6
02/27/2018,$36.8,78287,$36.6,$37.15,$36.2
02/26/2018,$36.6,42520,$37.35,$37.35,$36.6
02/23/2018,$37.35,31473,$36.8,$37.5,$36.7
02/22/2018,$36.6,45084,$37.25,$37.45,$36.45
02/21/2018,$37.15,37690,$36.8,$37.6,$36.8
02/20/2018,$36.65,49940,$36.75,$37,$36.55
02/16/2018,$36.9,37825,$36.1,$37.2,$36.1
02/15/2018,$36.15,68533,$36.45,$36.45,$35.85
02/14/2018,$36.2,53846,$35.9,$36.6,$35.9
02/13/2018,$36.2,49659,$35.55,$36.4,$35.55
02/12/2018,$35.75,66098,$35.85,$36,$35.15
02/09/2018,$35.75,55492,$35.65,$36.175,$35.15
02/08/2018,$35.35,60450,$36.15,$36.625,$35.3
02/07/2018,$36.05,93804,$35.95,$36.7,$35.85
02/06/2018,$36.2,97500,$37.2,$37.6,$36.1
02/05/2018,$37.85,73674,$38.85,$39.15,$36.9633
02/02/2018,$39.15,27575,$39.55,$39.7,$39
02/01/2018,$39.85,35422,$39.55,$40.25,$39.5
01/31/2018,$39.7,53308,$39.95,$40.4,$39.35
01/30/2018,$39.8,52009,$40.2,$40.85,$39.8
01/29/2018,$40.45,73835,$41,$41.4,$40.45
01/26/2018,$41.05,56651,$40.95,$41.05,$40.3
01/25/2018,$40.85,65409,$40.85,$40.9,$39.995
01/24/2018,$40.65,56169,$41.9,$42.3,$40.6
01/23/2018,$41.8,72834,$41.35,$42.1,$41.25
01/22/2018,$41.3,49049,$41.55,$41.75,$40.35
01/19/2018,$41.5,45172,$40.4,$41.6,$39.675
01/18/2018,$40.25,41089,$40.4,$40.55,$40.05
01/17/2018,$40.4,31857,$39.95,$40.6,$39.9
01/16/2018,$39.75,35928,$40.45,$40.95,$39.5
01/12/2018,$40.3,18728,$40.05,$40.85,$40.05
01/11/2018,$40,30661,$40.2,$40.65,$39.9
01/10/2018,$40.2,43875,$39.85,$40.25,$39.445
01/09/2018,$39.95,17949,$40.65,$40.85,$39.95
01/08/2018,$40.65,57822,$39.9,$40.75,$39.7
01/05/2018,$40,28997,$40.25,$40.45,$39.9
01/04/2018,$40.1,23195,$40.2,$40.7,$40.1
01/03/2018,$40.1,56360,$40.25,$40.5,$39.75
01/02/2018,$40.2,52053,$40.45,$40.95,$40.2
12/29/2017,$40.25,41463,$40.8,$40.95,$40.25
12/28/2017,$40.7,28388,$40.75,$40.9,$40.3
12/27/2017,$40.65,20733,$41.1,$41.2,$40.55
12/26/2017,$41.05,24429,$40.75,$41.2,$40.6
12/22/2017,$40.85,33040,$41,$41.45,$40.8
12/21/2017,$41.05,28187,$41.05,$41.8,$40.95
12/20/2017,$41,23756,$41.55,$41.55,$40.9
12/19/2017,$41.4,53566,$41,$41.65,$40.95
12/18/2017,$41.05,26470,$40.5,$41.6,$40.5
12/15/2017,$40.2,446760,$39.95,$40.65,$39.9
12/14/2017,$39.95,37087,$39.95,$40.325,$39.7
12/13/2017,$39.95,31778,$39.75,$40.65,$39.75
12/12/2017,$39.8,25151,$40,$40.0978,$39.7
12/11/2017,$39.95,28496,$39.9,$40.1,$39.2
12/08/2017,$39.85,28797,$40.1,$40.15,$39.8
12/07/2017,$40,32452,$40.1,$40.325,$39.8
12/06/2017,$40.15,26892,$40.05,$40.5,$40.05
12/05/2017,$40.15,40699,$39.95,$40.5,$39.95
12/04/2017,$40,35910,$40.5,$40.8,$39.5
12/01/2017,$40.25,81487,$40.5,$40.6,$38.3
11/30/2017,$40.5,75697,$40.6,$40.9,$40.25
11/29/2017,$40.4,61431,$41,$41.1,$40.35
11/28/2017,$41,71825,$40.95,$41.5,$40.6
11/27/2017,$40.9,41757,$41.35,$41.35,$40.6
11/24/2017,$41.35,18149,$40.9,$41.35,$40.9
11/22/2017,$40.85,48286,$41.65,$41.9,$40.65
11/21/2017,$41.7,70280,$41.05,$41.8,$41.05
11/20/2017,$40.95,106938,$40,$40.95,$39.8
11/17/2017,$39.9,313360,$39.4,$40,$39.4
11/16/2017,$39.65,62894,$39.1,$40.05,$38.7
11/15/2017,$38.95,72548,$38.4,$39.3,$38.4
11/14/2017,$38.75,75151,$37.7,$39.1,$37.5
11/13/2017,$37.85,140485,$39.3,$39.3,$37.7
11/10/2017,$39.55,70915,$39.5,$39.9,$39.25
11/09/2017,$39.65,81034,$41.2,$41.55,$39.1
11/08/2017,$41.2,41021,$41.4,$41.65,$41.1
11/07/2017,$41.65,79509,$41.45,$41.85,$40.85
11/06/2017,$41.55,45206,$41,$41.9,$40.65
11/03/2017,$41.15,58591,$41.4,$41.4,$40.85
11/02/2017,$41.35,49439,$41.4,$41.8,$41.1
11/01/2017,$41.4,48262,$41.95,$42.1,$41
10/31/2017,$41.65,51136,$41.35,$42,$40.95
10/30/2017,$41.25,51107,$42.15,$42.15,$40.35
10/27/2017,$42.3,31322,$42.25,$42.6,$40.655
10/26/2017,$42.2,43398,$42.65,$42.8,$42.05
10/25/2017,$42.5,25243,$42.45,$42.6,$42.25
10/24/2017,$42.35,32011,$42.75,$42.75,$42.05
10/23/2017,$42.5,27297,$42.9,$43.4,$42.45
10/20/2017,$42.8,38957,$42.9,$43.35,$42.65
10/19/2017,$42.65,41573,$42.25,$42.7,$41.83
10/18/2017,$42.3,42253,$42.6,$43.05,$42.075
10/17/2017,$42.55,40777,$42.8,$43.25,$42.4
10/16/2017,$42.75,32906,$43.05,$43.75,$42.65
10/13/2017,$42.9,50055,$43.45,$43.65,$42.65
10/12/2017,$43.3,37873,$43.3,$43.55,$43.1
10/11/2017,$43.35,52462,$43.35,$43.6,$42.95
10/10/2017,$43.15,55492,$43.1,$43.3,$42.9
10/09/2017,$43,93425,$41.9,$43.35,$41.8
10/06/2017,$41.65,86948,$42.3,$42.35,$41.4
10/05/2017,$42.35,57684,$42.5,$42.8,$41.85
10/04/2017,$42.55,75854,$41.9,$42.65,$41.85
10/03/2017,$42.25,98280,$42.4,$42.6,$41.65
10/02/2017,$42.4,78450,$41.8,$42.45,$41.5
09/29/2017,$41.75,73456,$41.9,$42,$41.4
09/28/2017,$41.95,46442,$41.7,$42,$41.05
09/27/2017,$41.65,113295,$41.35,$42.35,$41.3
09/26/2017,$41.1,79819,$40.95,$41.2,$40.75
09/25/2017,$40.85,73533,$40.6,$41,$40.2
09/22/2017,$40.4,49673,$39.6,$40.75,$39.6
09/21/2017,$39.85,65565,$38.8,$39.95,$38.65
09/20/2017,$38.9,135269,$38.75,$39.05,$38.6
09/19/2017,$38.7,99547,$39.1,$39.25,$38.25
09/18/2017,$39,71927,$39,$39.6,$38.525
09/15/2017,$38.85,322698,$38.85,$39.55,$36.2
09/14/2017,$38.85,76362,$38.85,$39.15,$38.4
09/13/2017,$38.85,71469,$39,$39.4,$38.75
09/12/2017,$39.2,48323,$39.3,$39.5,$38.9
09/11/2017,$39.3,57730,$38.85,$39.4,$38.85
09/08/2017,$38.6,80051,$39.2,$39.4,$38.525
09/07/2017,$39.2,42849,$39.05,$39.45,$38.7
09/06/2017,$39,62498,$38.95,$39.3,$38.65
09/05/2017,$38.95,72350,$40,$40.275,$38.85
09/01/2017,$40.15,76342,$39.7,$40.6,$39.7
08/31/2017,$39.7,119476,$39.1,$39.85,$39.05
08/30/2017,$39.05,80764,$39.05,$39.3,$38.9
08/29/2017,$39,82379,$39.1,$39.25,$38.85
08/28/2017,$39.3,78776,$39.2,$39.45,$39
08/25/2017,$39.15,84573,$39.8,$39.8,$38.3
08/24/2017,$39.6,66842,$40,$40.15,$39.4
08/23/2017,$40,64304,$40.1,$40.4,$39.95
08/22/2017,$40.25,63308,$40,$40.4,$39.9
08/21/2017,$39.95,52273,$39.9,$40.05,$39.55
08/18/2017,$39.95,153973,$40.2,$40.5,$39.85
08/17/2017,$40.6,81341,$41.2,$41.2,$40.4
08/16/2017,$41.25,68244,$41.2,$41.4,$40.9
08/15/2017,$41.05,74572,$41.9,$42.2,$41
08/14/2017,$42,88625,$41.65,$42.2,$41.45
08/11/2017,$41.4,163537,$41.2,$41.5,$40.85
08/10/2017,$41.2,175055,$40.5,$41.45,$40.15
08/09/2017,$40.7,134558,$39.95,$40.7,$39.7
08/08/2017,$40,216863,$42.9,$43.45,$38.85
08/07/2017,$40.85,90652,$40.9,$41.125,$40.55
08/04/2017,$41.05,47708,$41.55,$41.55,$40.9
08/03/2017,$41.25,53421,$41.45,$41.55,$40.75
08/02/2017,$41.4,84802,$41.95,$42,$41
08/01/2017,$41.95,49519,$41.9,$42,$41.35
07/31/2017,$41.8,82984,$41.95,$42.05,$41.4
07/28/2017,$41.95,48790,$41.3,$42.05,$41.2
07/27/2017,$41.4,59005,$41.9,$42.05,$41
07/26/2017,$41.75,47907,$41.95,$42.2,$41.5
07/25/2017,$42,86025,$41.65,$42.4,$41.45
07/24/2017,$41.55,52122,$41.5,$41.6,$41.05
07/21/2017,$41.55,57465,$41.85,$41.85,$41.2
07/20/2017,$41.7,79027,$41,$41.8,$40.75
07/19/2017,$41,74151,$40.85,$41.25,$40.65
07/18/2017,$40.85,84733,$40.85,$41.1,$40.55
07/17/2017,$40.85,70594,$40.8,$41.25,$40.7
07/14/2017,$40.85,89099,$40.8,$41.35,$40.4
07/13/2017,$40.9,103231,$42.15,$42.35,$40.6
07/12/2017,$42.15,197095,$41.3,$42.45,$41.3
07/11/2017,$41.15,115422,$41.1,$41.5,$40.8
07/10/2017,$41.05,100912,$41.6,$41.8,$41.05
07/07/2017,$41.65,143797,$41.2,$42,$40.65
07/06/2017,$41,148079,$40.25,$41.15,$40
07/05/2017,$40.7,102485,$39.9,$41,$39.9
07/03/2017,$40.35,33904,$40.85,$40.85,$40.35
06/30/2017,$40.8,51898,$40.7,$41.1,$40.7
06/29/2017,$40.7,68442,$41.2,$41.35,$40.35
06/28/2017,$41.2,71960,$40.8,$41.25,$40.475
06/27/2017,$40.6,81504,$41.25,$41.45,$40.45
06/26/2017,$41.2,85043,$41.5,$41.7,$41
06/23/2017,$41.5,382946,$41.25,$41.55,$40.65
06/22/2017,$41.35,178533,$40.05,$41.6,$39.75
06/21/2017,$40.1,100172,$40.2,$40.55,$40.05
06/20/2017,$40.2,125888,$40.35,$40.65,$39.75
06/19/2017,$40.25,203086,$41.15,$41.35,$40.2
06/16/2017,$40.95,304298,$41.95,$41.95,$40.7
06/15/2017,$42.35,219333,$40.65,$42.45,$40.65
06/14/2017,$41.05,123577,$41.4,$41.55,$40.7
06/13/2017,$41.2,131071,$41.2,$41.225,$40.85
06/12/2017,$40.95,200037,$40.65,$41,$40.1
06/09/2017,$40.6,142822,$40.9,$41.15,$40.35
06/08/2017,$40.75,66111,$40.55,$40.85,$40.1
06/07/2017,$40.5,98298,$40.9,$40.9,$40.15
06/06/2017,$40.9,122216,$41,$41.2,$40.45
06/05/2017,$41.1,162306,$42,$42.4,$40.95
06/02/2017,$42.25,123089,$42.65,$42.9,$42.15
06/01/2017,$42.6,133779,$42.5,$42.7,$42.2
05/31/2017,$42.55,205966,$42.65,$42.75,$41.85
05/30/2017,$42.45,127545,$41.9,$42.6,$41.45
05/26/2017,$41.95,102275,$41.5,$42,$41.25
05/25/2017,$41.7,127810,$40.7,$41.8,$40.6
05/24/2017,$40.65,184226,$40.65,$40.85,$40.15
05/23/2017,$40.65,281721,$39.55,$40.8,$39.45
05/22/2017,$39.45,269341,$39.35,$39.7,$39.05
05/19/2017,$39.1,303279,$39.95,$40.45,$39.1
05/18/2017,$39.95,269493,$38.45,$40.2,$38.25
05/17/2017,$38.6,196188,$37.8,$39.15,$37.65
05/16/2017,$38.2,198934,$37.45,$38.2,$37.05
05/15/2017,$37.3,213093,$36.7,$37.3,$36.7
05/12/2017,$36.75,173914,$36.75,$37.1,$36.675
05/11/2017,$36.75,151495,$36,$37.15,$34.8503
05/10/2017,$36.05,413316,$33.6,$37.95,$33.6
05/09/2017,$32.45,92288,$31.95,$32.55,$31.65
05/08/2017,$31.8,46926,$31.4,$31.95,$31.35
05/05/2017,$31.35,34179,$31.35,$31.55,$31.2
05/04/2017,$31.45,43880,$31.2,$31.6,$31.2
05/03/2017,$31.15,81323,$31.05,$31.3,$30.7
05/02/2017,$31.2,54242,$31.35,$31.6,$31.05
05/01/2017,$31.35,45611,$31.35,$31.6,$31.15
04/28/2017,$31.25,66955,$31.5,$31.5,$31.05
04/27/2017,$31.45,64575,$31.55,$31.8,$31.35
04/26/2017,$31.45,65623,$30.9,$31.65,$30.9
04/25/2017,$31,64918,$31.05,$31.3,$30.95
04/24/2017,$30.8,67665,$30.95,$31.05,$30.8
04/21/2017,$30.65,91634,$30.5,$30.8,$30.35
04/20/2017,$30.55,64735,$30.05,$30.55,$29.95
04/19/2017,$30,59788,$29.75,$30,$29.75
04/18/2017,$29.8,45408,$29.45,$29.8,$29.4
04/17/2017,$29.5,54967,$28.95,$29.5,$28.95
04/13/2017,$28.95,66332,$29.15,$29.35,$28.85
04/12/2017,$29.25,56155,$29.2,$29.4,$29
04/11/2017,$29.2,74867,$28.85,$29.375,$28.85
04/10/2017,$29,69756,$29.05,$29.25,$28.95
04/07/2017,$29.1,144186,$28.8,$29.15,$28.65
04/06/2017,$28.85,115218,$29,$29.125,$28.65
04/05/2017,$28.95,161516,$29.45,$29.45,$28.95
04/04/2017,$29.25,77194,$29.1,$29.35,$29
04/03/2017,$29.3,138179,$29.7,$29.85,$29.075
03/31/2017,$29.6,98676,$29.45,$29.775,$29.3
03/30/2017,$29.45,67287,$29.05,$29.55,$28.95
03/29/2017,$29.1,76093,$29.05,$29.175,$28.8
03/28/2017,$29.25,82283,$29.35,$29.4,$28.2
03/27/2017,$29.4,80407,$29.7,$29.75,$29.35
03/24/2017,$29.9,77604,$30.15,$30.3,$29.825
03/23/2017,$30.15,95709,$29.75,$30.35,$29.7
03/22/2017,$29.75,80050,$30,$30.1,$29.65
03/21/2017,$30.05,110096,$30.9,$30.9,$29.85
03/20/2017,$30.75,101670,$30.85,$30.85,$30.3
03/17/2017,$30.9,230823,$30.25,$31,$30.05
03/16/2017,$30.35,143099,$30.2,$30.55,$30.2
03/15/2017,$30.1,102554,$30.25,$30.4,$30.05
03/14/2017,$30.15,70545,$29.8,$30.4,$28.9
03/13/2017,$29.95,65511,$29.75,$30.1,$29.65
03/10/2017,$29.85,80066,$29.7,$29.95,$29.375
03/09/2017,$29.45,205221,$30.3,$31,$29.4
03/08/2017,$30.7,78093,$30.65,$30.95,$30.4
03/07/2017,$30.6,56015,$30.65,$30.9,$30.5
03/06/2017,$30.8,54721,$31.15,$31.15,$30.75
03/03/2017,$31.3,77927,$31.1,$31.5,$30.8
03/02/2017,$31.15,60188,$31.05,$31.15,$30.65
03/01/2017,$31.1,71454,$30.75,$31.2,$30.7
02/28/2017,$30.3,90841,$30.95,$31,$30.2
02/27/2017,$31.1,85051,$30.75,$31.25,$30.75
02/24/2017,$30.7,40933,$30.25,$30.845,$30.2
02/23/2017,$30.35,42759,$30.8,$30.8,$30.25
02/22/2017,$30.65,44771,$30.5,$30.85,$30.35
02/21/2017,$30.55,45908,$30,$30.6,$30
02/17/2017,$30,96768,$30.15,$30.15,$29.85
02/16/2017,$30.15,39916,$30.05,$30.25,$29.75
02/15/2017,$30,46817,$29.85,$30.075,$29.5
02/14/2017,$29.9,62632,$29.85,$30.025,$29.65
02/13/2017,$30,50937,$30.15,$30.25,$29.8
02/10/2017,$30,46234,$29.7,$30,$29.7
02/09/2017,$29.7,56028,$28.9,$29.8,$28.9
02/08/2017,$29.1,61287,$29.6,$29.65,$29.05
02/07/2017,$29.65,52271,$29.55,$29.65,$29.5
02/06/2017,$29.45,39303,$29.8,$29.95,$29.4
02/03/2017,$29.95,56741,$29.6,$30,$29.6
02/02/2017,$29.4,65103,$29.4,$29.65,$29.2
02/01/2017,$29.35,57119,$29.85,$29.85,$29.2
01/31/2017,$29.6,84381,$29.8,$29.9,$29.55
01/30/2017,$29.9,50493,$30.1,$30.1,$29.55
01/27/2017,$30.25,45013,$30.35,$30.35,$29.975
01/26/2017,$30.35,63915,$30.3,$30.45,$30
01/25/2017,$30.35,45282,$30.6,$30.6,$30.25
01/24/2017,$30.3,52908,$29.8,$30.35,$29.8
01/23/2017,$29.75,48437,$29.85,$30.1,$29.7
01/20/2017,$29.95,65848,$29.85,$30.1,$29.75
01/19/2017,$29.85,70993,$30.2,$30.2,$29.3
01/18/2017,$30.15,77524,$30.2,$30.55,$30
01/17/2017,$30.15,64625,$30.55,$30.55,$30.1
01/13/2017,$30.55,63212,$30.35,$30.65,$30.35
01/12/2017,$30.25,69089,$30.1,$30.3,$29.85
01/11/2017,$30.1,152763,$30.5,$30.6,$29.95
01/10/2017,$30.6,82207,$31,$31.1,$30.35
01/09/2017,$31,77710,$30.8,$31.1,$30.7
01/06/2017,$30.9,79022,$30.95,$31.1,$30.65
01/05/2017,$30.9,78919,$30.7,$31,$30.35
01/04/2017,$30.75,144238,$30.5,$30.75,$30.45
01/03/2017,$30.4,102999,$30.75,$30.8,$30.25
12/30/2016,$30.5,73175,$30.75,$30.75,$30.35
12/29/2016,$30.75,48918,$30.45,$30.75,$30.35
12/28/2016,$30.4,58133,$30.8,$30.95,$30.35
12/27/2016,$30.75,37458,$30.85,$31.05,$30.7
12/23/2016,$30.85,78064,$30.7,$31,$30.6
12/22/2016,$30.75,128590,$31.4,$31.45,$30.45
12/21/2016,$31.35,68186,$31.8,$31.95,$31.35
12/20/2016,$31.75,72523,$31.8,$31.97,$31.4
12/19/2016,$31.65,84166,$31.6,$31.85,$31.225
12/16/2016,$31.65,434345,$31.25,$31.75,$31.25
12/15/2016,$31.15,69653,$30.95,$31.4,$30.8
12/14/2016,$30.85,77433,$30.65,$31.25,$30.55
12/13/2016,$30.85,109604,$30.65,$30.95,$30.575
12/12/2016,$30.6,80349,$30.45,$30.8,$30.25
12/09/2016,$30.65,58881,$30.45,$30.9,$30.45
12/08/2016,$30.7,100153,$30,$30.925,$29.9
12/07/2016,$30,94691,$29.75,$30.15,$29.35
12/06/2016,$29.4,84309,$29.15,$29.65,$28.75
12/05/2016,$29.05,96295,$28.6,$29.35,$28.25
12/02/2016,$28.4,95298,$28.15,$28.75,$28.15
12/01/2016,$28.25,126731,$28.85,$29.05,$28.175
11/30/2016,$28.75,125506,$29.35,$29.45,$28.6
11/29/2016,$29.6,113161,$29.05,$29.75,$29.05
11/28/2016,$28.95,83637,$28.35,$29.15,$28.35
11/25/2016,$28.45,49997,$28.6,$28.9,$28.2
11/23/2016,$28.6,60079,$28.25,$28.7,$28.1
11/22/2016,$28.4,69074,$27.65,$28.4,$27.65
11/21/2016,$27.8,58084,$27.25,$27.8,$27.1
11/18/2016,$27.25,149921,$27.1,$27.75,$26.85
11/17/2016,$27,159522,$26.5,$27.05,$26.05
11/16/2016,$26.35,135020,$26,$26.55,$24.5919
11/15/2016,$26,122609,$26.05,$26.3,$25.9
11/14/2016,$26,172748,$26.95,$27.1,$25.8725
11/11/2016,$26.95,171274,$25.55,$26.95,$25.55
11/10/2016,$25.4,220986,$25.8,$26.3,$24.45
11/09/2016,$26.85,149813,$26.5,$27,$26.45
11/08/2016,$26.9,76049,$27,$27.6,$26.75
11/07/2016,$27,82703,$27,$27.05,$26.65
11/04/2016,$26.55,75400,$27.1,$27.15,$26.5
11/03/2016,$27,82070,$27.6,$27.6,$26.875
11/02/2016,$27.5,102168,$27.85,$27.85,$27.35
11/01/2016,$27.85,72866,$28.15,$28.15,$27.7
10/31/2016,$28.1,69542,$27.9,$28.15,$27.55
10/28/2016,$27.8,47152,$27.8,$28.05,$27.65
10/27/2016,$27.8,57654,$28.1,$28.1,$27.75
10/26/2016,$28.05,34061,$28.45,$28.45,$27.95
10/25/2016,$28.45,34211,$28.6,$28.65,$28.25
10/24/2016,$28.7,45136,$28.45,$28.85,$28.2
10/21/2016,$28.4,48469,$28.15,$28.4,$28
10/20/2016,$28.25,39284,$28.5,$28.5,$28.15
10/19/2016,$28.5,64360,$28.5,$28.65,$28.35
10/18/2016,$28.55,48665,$28.5,$28.8,$28.45
10/17/2016,$28.25,47914,$27.75,$28.35,$27.75
10/14/2016,$28.24,51691,$28.28,$28.42,$28.22
10/13/2016,$28.17,68246,$28.24,$28.4,$27.98
10/12/2016,$28.45,45382,$28.11,$29.17,$27.97
10/11/2016,$28.05,55307,$28.35,$28.35,$27.89
10/10/2016,$28.38,76570,$28.29,$28.61,$28.13
10/07/2016,$28.4,49717,$28.71,$28.84,$28.36
10/06/2016,$28.66,80939,$28.79,$28.81,$28.52
10/05/2016,$28.8,60924,$28.9,$29.07,$28.67
10/04/2016,$28.79,50047,$29,$29.45,$28.7108
10/03/2016,$28.95,60259,$28.89,$29.11,$28.57
09/30/2016,$28.99,112513,$28.98,$29.25,$28.85
09/29/2016,$28.81,70610,$29.18,$29.38,$28.8
09/28/2016,$29.36,64901,$29.34,$29.4,$29.24
09/27/2016,$29.33,82836,$29.23,$29.6,$29.2
09/26/2016,$29.29,82063,$29.3,$29.54,$29.07
09/23/2016,$29.21,59413,$29.45,$29.47,$29.2
09/22/2016,$29.54,83619,$29.08,$29.56,$28.74
09/21/2016,$28.98,117890,$28.67,$29.1,$28.67
09/20/2016,$28.48,117376,$28.63,$28.79,$28.12
09/19/2016,$28.5,65173,$28.31,$28.605,$28.27
09/16/2016,$28.24,279014,$28.01,$28.31,$27.61
09/15/2016,$28,70268,$27.83,$28.04,$27.36
09/14/2016,$27.81,64981,$28.03,$28.15,$27.78
09/13/2016,$28.06,89614,$28,$28.17,$27.64
09/12/2016,$28.26,105325,$27.89,$28.26,$27.76
09/09/2016,$27.99,69088,$28.68,$28.85,$27.98
09/08/2016,$28.87,79790,$29.1,$29.22,$28.72
09/07/2016,$29.17,86463,$28.86,$29.24,$28.69
09/06/2016,$28.9,77930,$28.83,$28.93,$28.55
09/02/2016,$28.77,82285,$28.46,$28.88,$28.46
09/01/2016,$28.46,87367,$28.41,$28.71,$28.23
08/31/2016,$28.35,90228,$28.34,$28.57,$27.89
08/30/2016,$28.44,63945,$28.48,$28.51,$28.28
08/29/2016,$28.43,71785,$28.5,$28.8,$28.4
08/26/2016,$28.56,93282,$28.69,$28.85,$28.38
08/25/2016,$28.72,101376,$28.27,$28.72,$28.27
08/24/2016,$28.47,81212,$28.63,$28.73,$28.32
08/23/2016,$28.62,79481,$28.57,$29,$28.54
08/22/2016,$28.52,109061,$28.76,$28.76,$28.5
08/19/2016,$28.79,105455,$28.86,$29,$28.76
08/18/2016,$28.9,124401,$28.85,$29.07,$28.63
08/17/2016,$28.93,71780,$29.21,$29.21,$28.85
08/16/2016,$29.16,58251,$29.38,$29.84,$29.15
08/15/2016,$29.55,87617,$29.24,$30.09,$29.24
08/12/2016,$29.33,89763,$29.65,$29.65,$29.24
08/11/2016,$29.68,141979,$29.87,$29.92,$29.48
08/10/2016,$29.62,92542,$29.7,$29.9,$29.6
08/09/2016,$29.71,98247,$29.69,$29.84,$29.57
08/08/2016,$29.69,84354,$29.54,$30.06,$28.55
08/05/2016,$30.24,106198,$28.9,$30.25,$27.331
08/04/2016,$28.9,138101,$28.53,$29.14,$26.88
08/03/2016,$28.56,72730,$28.57,$28.61,$27.79
08/02/2016,$28.57,80046,$28.87,$28.87,$28.54
08/01/2016,$28.86,56209,$28.52,$28.93,$27.81
